quantity,value
P(Y=1 | A=N),0.7789893936361817
P(Y=1 | A=O),0.8294523286028384
P(Y=1 | do(A=N)),0.8320000000000001
P(Y=1 | do(A=O)),0.7817999999999999
