individual,metric,x1_old,x2_old,delta_x1,delta_x2,x1_new,x2_new,new_margin,L1_cost,L2_cost
A,L1-opt,75000.0,25000.0,0.0,5000.0,75000.0,30000.0,0.0,5000.0,5000.0
A,L2-opt,75000.0,25000.0,961.5384615384615,4807.692307692308,75961.53846153847,29807.69230769231,0.0,5769.2307692307695,4902.903378454601
B,L1-opt,70000.0,23800.0,0.0,7200.0,70000.0,31000.0,0.0,7200.0,7200.0
B,L2-opt,70000.0,23800.0,1384.6153846153845,6923.076923076923,71384.61538461539,30723.076923076922,0.0,8307.692307692307,7060.1808649746245
