feature,abs_std_coef
Sales_Revenue,964458.2156786878
Operating_Expenses,195182.89222159144
Booking_Mode,9.589966249261306e-10
Tickets_Sold,4.955699091564827e-10
Marketing_Budget,3.8054089979414213e-10
Website_Visits,1.4220709493596183e-10
Ticket_Price,4.3940070996050556e-11
