node,parents,r2,noise_mean,noise_std
Marketing_Budget,Booking_Mode,0.9176257386596243,9.250682411868482e-14,116.9264878575552
Operating_Expenses,"Marketing_Budget, Tickets_Sold",0.9774114424898062,9.121858093836536e-11,29334.993621511298
Profit,"Sales_Revenue, Operating_Expenses",1.0,-2.5515686975766535e-12,3.437522743996355e-11
Sales_Revenue,"Ticket_Price, Tickets_Sold",0.9960840924419299,3.0363667501162176e-10,60353.10697036343
Ticket_Price,Booking_Mode,0.8137664101332964,-1.4950597837363202e-14,35.39050053730316
Tickets_Sold,"Booking_Mode, Website_Visits, Ticket_Price",0.8998936139577325,-3.0897902197217287e-13,309.66346314356736
Website_Visits,"Booking_Mode, Marketing_Budget",0.8661766633713889,-1.016640652940698e-12,850.1724990416444
