component,value,share_of_profit_var
Var(Profit),610840374503.4745,1.0
Sales contribution,751461831438.8037,1.2302098269938924
Operating contribution,-140621456935.329,-0.23020982699389192
