epsilon,method,valid_rate,valid_cost
0.0,SCM-off,1.0,1.3185584112746784
0.0,SCM-on,1.0,1.3486380438601193
0.1,SCM-off,1.0,1.4254332881818155
0.1,SCM-on,1.0,1.629063892295942
0.2,SCM-off,1.0,1.5323081650889516
0.2,SCM-on,1.0,1.9312288435764497
