{
  "tabular": {
    "mlp": {
      "accuracy": 0.6948051948051948,
      "recall": 0.32075471698113206,
      "f1": 0.41975308641975306
    },
    "nam": {
      "accuracy": 0.6818181818181818,
      "recall": 0.3018867924528302,
      "f1": 0.3950617283950617
    },
    "mlp_confusion_matrix": [
      [
        90,
        11
      ],
      [
        36,
        17
      ]
    ],
    "nam_confusion_matrix": [
      [
        89,
        12
      ],
      [
        37,
        16
      ]
    ],
    "roc_auc": {
      "mlp": 0.709695497851672,
      "nam": 0.6956846628059032
    },
    "avg_precision": {
      "mlp": 0.5913420133860816,
      "nam": 0.5701635392790138
    },
    "brier": {
      "mlp": 0.1973492056131363,
      "nam": 0.20206914842128754
    },
    "lime_shap_agreement": [
      {
        "sample": 0.0,
        "spearman": 0.9047619047619048,
        "top3_overlap": 1.0
      },
      {
        "sample": 1.0,
        "spearman": 0.9285714285714287,
        "top3_overlap": 0.6666666666666666
      },
      {
        "sample": 2.0,
        "spearman": 0.7380952380952381,
        "top3_overlap": 1.0
      }
    ],
    "threshold_sensitivity": {
      "mlp_best_threshold": 0.2,
      "mlp_best_f1": 0.5911949685534591,
      "nam_best_threshold": 0.2,
      "nam_best_f1": 0.5806451612903226
    },
    "permutation_importance": {
      "feature_names": [
        "Pregnancies",
        "Glucose",
        "BloodPressure",
        "SkinThickness",
        "Insulin",
        "BMI",
        "DiabetesPedigreeFunction",
        "Age"
      ],
      "mlp_accuracy_drop": [
        0.004870129870129844,
        0.11201298701298697,
        0.00324675324675322,
        -0.017045454545454558,
        -0.0032467532467532756,
        -0.010551948051948076,
        0.008116883116883106,
        -0.0024350649350649567
      ],
      "nam_accuracy_drop": [
        0.01461038961038956,
        0.06980519480519476,
        0.004058441558441525,
        -0.0008116883116883605,
        -0.016233766233766267,
        0.0008116883116882911,
        0.00487012987012983,
        -0.0024350649350649706
      ]
    },
    "grace_counterfactual": {
      "top_feature": "Pregnancies",
      "p_before": 0.4024967849254608,
      "p_after": 0.4669630229473114,
      "delta_p": 0.06446623802185059
    }
  },
  "vision": {
    "smoothgrad_cosine_5_20": 0.7977114432671951,
    "smoothgrad_cosine_20_50": 0.8781128781084458,
    "smoothgrad_cosine_5_50": 0.8022061506292871,
    "smoothgrad_ks": [
      5,
      10,
      20,
      50
    ],
    "smoothgrad_entropy": [
      0.9307470922320088,
      0.9302748688588711,
      0.9249147637003003,
      0.9167411036770651
    ],
    "smoothgrad_total_variation": [
      0.022211696732976113,
      0.021813445214405563,
      0.022853745483554996,
      0.01569592671973791
    ],
    "six_image_predictions": [
      {
        "image_id": 0,
        "pred_idx": 451,
        "pred_name": "bolo tie",
        "confidence": 0.6775129437446594
      },
      {
        "image_id": 1,
        "pred_idx": 549,
        "pred_name": "envelope",
        "confidence": 0.7176491022109985
      },
      {
        "image_id": 3,
        "pred_idx": 905,
        "pred_name": "window shade",
        "confidence": 0.2629864811897278
      },
      {
        "image_id": 4,
        "pred_idx": 769,
        "pred_name": "rule",
        "confidence": 0.15675991773605347
      },
      {
        "image_id": 6,
        "pred_idx": 489,
        "pred_name": "chainlink fence",
        "confidence": 0.41030994057655334
      },
      {
        "image_id": 7,
        "pred_idx": 688,
        "pred_name": "oscilloscope",
        "confidence": 0.3037172853946686
      }
    ],
    "adversarial_demo": {
      "epsilon": 0.12,
      "orig_class_idx": 451,
      "orig_class_name": "bolo tie",
      "adv_class_idx": 752,
      "adv_class_name": "racket",
      "changed": true
    },
    "feature_visualization": {
      "hen_class_idx": 8,
      "n_regularized_images": 5
    }
  }
}