{
  "tabular": {
    "mlp": {
      "accuracy": 0.6948051948051948,
      "recall": 0.32075471698113206,
      "f1": 0.41975308641975306
    },
    "nam": {
      "accuracy": 0.6818181818181818,
      "recall": 0.3018867924528302,
      "f1": 0.3950617283950617
    },
    "mlp_confusion_matrix": [
      [
        90,
        11
      ],
      [
        36,
        17
      ]
    ],
    "nam_confusion_matrix": [
      [
        89,
        12
      ],
      [
        37,
        16
      ]
    ],
    "roc_auc": {
      "mlp": 0.709695497851672,
      "nam": 0.6956846628059032
    },
    "avg_precision": {
      "mlp": 0.5913420133860816,
      "nam": 0.5701635392790138
    },
    "brier": {
      "mlp": 0.1973492056131363,
      "nam": 0.20206914842128754
    },
    "lime_shap_agreement": [
      {
        "sample": 0.0,
        "spearman": 0.9047619047619048,
        "top3_overlap": 1.0
      },
      {
        "sample": 1.0,
        "spearman": 0.9285714285714287,
        "top3_overlap": 0.6666666666666666
      },
      {
        "sample": 2.0,
        "spearman": 0.7380952380952381,
        "top3_overlap": 1.0
      }
    ]
  },
  "vision": {
    "smoothgrad_cosine_5_20": 0.9406506409654204,
    "smoothgrad_cosine_20_50": 0.9752665000546525,
    "smoothgrad_cosine_5_50": 0.9507057463504456
  }
}