{
  "tabular": {
    "mlp": {
      "accuracy": 0.6948051948051948,
      "recall": 0.32075471698113206,
      "f1": 0.41975308641975306
    },
    "nam": {
      "accuracy": 0.6818181818181818,
      "recall": 0.3018867924528302,
      "f1": 0.3950617283950617
    },
    "mlp_confusion_matrix": [
      [
        90,
        11
      ],
      [
        36,
        17
      ]
    ],
    "nam_confusion_matrix": [
      [
        89,
        12
      ],
      [
        37,
        16
      ]
    ],
    "roc_auc": {
      "mlp": 0.709695497851672,
      "nam": 0.6956846628059032
    },
    "avg_precision": {
      "mlp": 0.5913420133860816,
      "nam": 0.5701635392790138
    },
    "brier": {
      "mlp": 0.1973492056131363,
      "nam": 0.20206914842128754
    },
    "lime_shap_agreement": [
      {
        "sample": 0.0,
        "spearman": 0.9047619047619048,
        "top3_overlap": 1.0
      },
      {
        "sample": 1.0,
        "spearman": 0.9285714285714287,
        "top3_overlap": 0.6666666666666666
      },
      {
        "sample": 2.0,
        "spearman": 0.7380952380952381,
        "top3_overlap": 1.0
      }
    ],
    "threshold_sensitivity": {
      "mlp_best_threshold": 0.2,
      "mlp_best_f1": 0.5911949685534591,
      "nam_best_threshold": 0.2,
      "nam_best_f1": 0.5806451612903226
    },
    "permutation_importance": {
      "feature_names": [
        "Pregnancies",
        "Glucose",
        "BloodPressure",
        "SkinThickness",
        "Insulin",
        "BMI",
        "DiabetesPedigreeFunction",
        "Age"
      ],
      "mlp_accuracy_drop": [
        0.004870129870129844,
        0.11201298701298697,
        0.00324675324675322,
        -0.017045454545454558,
        -0.0032467532467532756,
        -0.010551948051948076,
        0.008116883116883106,
        -0.0024350649350649567
      ],
      "nam_accuracy_drop": [
        0.01461038961038956,
        0.06980519480519476,
        0.004058441558441525,
        -0.0008116883116883605,
        -0.016233766233766267,
        0.0008116883116882911,
        0.00487012987012983,
        -0.0024350649350649706
      ]
    }
  },
  "vision": {
    "smoothgrad_cosine_5_20": 0.9413833044154495,
    "smoothgrad_cosine_20_50": 0.975826785041178,
    "smoothgrad_cosine_5_50": 0.9507065917360941,
    "smoothgrad_ks": [
      5,
      10,
      20,
      50
    ],
    "smoothgrad_entropy": [
      0.9925470491362378,
      0.9938770918241321,
      0.9951507169156297,
      0.9961033494623138
    ],
    "smoothgrad_total_variation": [
      0.23811596544600605,
      0.23141157750894908,
      0.2134222443021484,
      0.1673087928993789
    ]
  }
}