{
  "clean_acc": 22.65625,
  "classwise_prf1": {
    "precision": [
      0.0,
      0.2265625,
      0.0,
      0.0,
      0.0,
      0.0,
      0.0,
      0.0,
      0.0,
      0.0
    ],
    "recall": [
      0.0,
      1.0,
      0.0,
      0.0,
      0.0,
      0.0,
      0.0,
      0.0,
      0.0,
      0.0
    ],
    "f1": [
      0.0,
      0.36942675159235666,
      0.0,
      0.0,
      0.0,
      0.0,
      0.0,
      0.0,
      0.0,
      0.0
    ],
    "support": [
      17,
      58,
      44,
      26,
      24,
      14,
      26,
      18,
      13,
      16
    ],
    "macro_precision": 0.02265625,
    "macro_recall": 0.1,
    "macro_f1": 0.03694267515923567
  },
  "macro_precision": 2.265625,
  "macro_recall": 10.0,
  "macro_f1": 3.694267515923567,
  "ece": 0.7734375,
  "confidence_coverage": {
    "aurc": 0.7914839051171181,
    "acc_at_80_coverage": 22.926829268292686,
    "acc_at_90_coverage": 21.645021645021643
  },
  "aurc": 0.7914839051171181,
  "topk_accuracy": {
    "top1": 22.65625,
    "top2": 29.296875,
    "top3": 46.484375,
    "top5": 66.015625
  },
  "top5_acc": 66.015625,
  "robustness_sweep": {
    "clean_acc": 22.65625,
    "epsilons": [
      0.0,
      2.0,
      4.0,
      8.0,
      12.0
    ],
    "fgsm_acc": [
      20.3125,
      20.3125,
      20.3125,
      20.3125,
      20.3125
    ],
    "pgd_acc": [
      20.3125,
      19.921875,
      19.921875,
      19.921875,
      19.921875
    ],
    "noise_acc": [
      20.3125,
      20.3125,
      20.3125,
      20.3125,
      20.703125
    ]
  },
  "pgd_iter_sweep": {
    "epsilon": 8.0,
    "iters": [
      1,
      2,
      4,
      7,
      10
    ],
    "pgd_acc": [
      19.921875,
      19.921875,
      19.921875,
      19.921875,
      19.921875
    ],
    "clean_acc": 22.65625,
    "fgsm_acc": 20.3125,
    "noise_acc": 20.3125
  }
}