{
  "clean_acc": 10.15625,
  "ece": 0.024912863969802856,
  "confidence_coverage": {
    "aurc": 0.9264813069742455,
    "acc_at_80_coverage": 8.780487804878048,
    "acc_at_90_coverage": 9.523809523809524
  },
  "aurc": 0.9264813069742455,
  "robustness_sweep": {
    "clean_acc": 10.15625,
    "epsilons": [
      0.0,
      2.0,
      4.0,
      8.0,
      12.0
    ],
    "fgsm_acc": [
      10.15625,
      10.15625,
      10.15625,
      10.15625,
      10.15625
    ],
    "pgd_acc": [
      10.15625,
      10.15625,
      10.15625,
      10.15625,
      10.15625
    ],
    "noise_acc": [
      10.15625,
      10.15625,
      10.15625,
      10.15625,
      10.15625
    ]
  },
  "pgd_iter_sweep": {
    "epsilon": 8.0,
    "iters": [
      1,
      2,
      4,
      7,
      10
    ],
    "pgd_acc": [
      10.15625,
      10.15625,
      10.15625,
      10.15625,
      10.15625
    ],
    "clean_acc": 10.15625,
    "fgsm_acc": 10.15625,
    "noise_acc": 10.15625
  }
}