{
  "clean_acc": 12.109375,
  "ece": 0.005364522337913513,
  "robustness_sweep": {
    "clean_acc": 12.109375,
    "epsilons": [
      0.0,
      2.0,
      4.0,
      8.0,
      12.0
    ],
    "fgsm_acc": [
      12.109375,
      12.109375,
      12.109375,
      12.109375,
      12.109375
    ],
    "pgd_acc": [
      12.109375,
      12.109375,
      12.109375,
      12.109375,
      12.109375
    ],
    "noise_acc": [
      12.109375,
      12.109375,
      12.109375,
      12.109375,
      12.109375
    ]
  }
}