{
  "clean_acc": 10.15625,
  "classwise_prf1": {
    "precision": [
      0.0,
      0.0,
      0.0,
      0.1015625,
      0.0,
      0.0,
      0.0,
      0.0,
      0.0,
      0.0
    ],
    "recall": [
      0.0,
      0.0,
      0.0,
      1.0,
      0.0,
      0.0,
      0.0,
      0.0,
      0.0,
      0.0
    ],
    "f1": [
      0.0,
      0.0,
      0.0,
      0.18439716312056736,
      0.0,
      0.0,
      0.0,
      0.0,
      0.0,
      0.0
    ],
    "support": [
      17,
      58,
      44,
      26,
      24,
      14,
      26,
      18,
      13,
      16
    ],
    "macro_precision": 0.01015625,
    "macro_recall": 0.1,
    "macro_f1": 0.018439716312056736
  },
  "macro_precision": 1.015625,
  "macro_recall": 10.0,
  "macro_f1": 1.8439716312056738,
  "ece": 0.024912863969802856,
  "confidence_coverage": {
    "aurc": 0.9264813069742455,
    "acc_at_80_coverage": 8.780487804878048,
    "acc_at_90_coverage": 9.523809523809524
  },
  "aurc": 0.9264813069742455,
  "topk_accuracy": {
    "top1": 10.15625,
    "top2": 15.625,
    "top3": 23.4375,
    "top5": 51.171875
  },
  "top5_acc": 51.171875
}