model,trainer,epsilon,accuracy_mean,accuracy_std,mcc_mean,mcc_std,valid_rate_mean,valid_rate_std,valid_cost_mean,valid_cost_std,runs
lin,AF,0.0,0.9026666666666667,0.001527525231651936,0.8032346070989772,0.003469715201667362,1.0,0.0,0.7012748778796839,0.16565375169918986,3
lin,AF,0.1,0.9026666666666667,0.001527525231651936,0.8032346070989772,0.003469715201667362,1.0,0.0,0.8234846371480429,0.16618626805236408,3
lin,AF,0.2,0.9026666666666667,0.001527525231651936,0.8032346070989772,0.003469715201667362,1.0,0.0,0.945694396416402,0.16672050801157826,3
lin,ERM,0.0,0.9026666666666667,0.002081665999466139,0.8030197804072761,0.004045208392062073,1.0,0.0,0.8885113223625423,0.09547800861821044,3
lin,ERM,0.1,0.9026666666666667,0.002081665999466139,0.8030197804072761,0.004045208392062073,1.0,0.0,1.0044488235328917,0.09504709660627622,3
lin,ERM,0.2,0.9026666666666667,0.002081665999466139,0.8030197804072761,0.004045208392062073,1.0,0.0,1.120386324703241,0.09464291545773591,3
mlp,ERM,0.0,1.0,0.0,1.0,0.0,0.85,0.21213203435596428,1.11143807385649,0.6622619075871091,2
mlp,ERM,0.1,1.0,0.0,1.0,0.0,0.9,0.14142135623730948,1.2527216736227273,0.5742575107293375,2
mlp,ERM,0.2,1.0,,1.0,,0.9,,0.8848767942852445,,1
