{
  "config": {
    "download_mnist": false,
    "model_index": null,
    "population_n": 500,
    "security_profile": "fast-smoke",
    "seed": 0,
    "student_id": "810101504",
    "swap_k": 10,
    "unbounded_p": 0.01
  },
  "fairness": {
    "baseline": {
      "accuracy": 0.82106053367911,
      "di_gap_to_one": 0.8215345531390058,
      "disparate_impact": 0.17846544686099422,
      "female_positive_rate": 0.03640431157209681,
      "male_positive_rate": 0.20398520953163518,
      "zemel_proxy": 0.04071879262670704
    },
    "group_thresholds": {
      "accuracy": 0.7994949839623285,
      "di_gap_to_one": 0.029173983525090597,
      "disparate_impact": 1.0291739835250906,
      "female_positive_rate": 0.16310758592637786,
      "male_positive_rate": 0.15848397699260477,
      "threshold_group_0": 0.17500000000000002,
      "threshold_group_1": 0.5750000000000001,
      "zemel_proxy": 0.11328974637413407
    },
    "no_gender": {
      "accuracy": 0.8145089742714803,
      "di_gap_to_one": 0.4889746913186761,
      "disparate_impact": 0.5110253086813239,
      "female_positive_rate": 0.08440105755541998,
      "male_positive_rate": 0.16516023007395234,
      "zemel_proxy": 0.019742708476369795
    },
    "promotion_demotion": {
      "accuracy": 0.8214017607315908,
      "di_gap_to_one": 0.8192715221115859,
      "disparate_impact": 0.18072847788841406,
      "female_positive_rate": 0.037014439699003455,
      "male_positive_rate": 0.20480690221857026,
      "swap_count": 20.0,
      "zemel_proxy": 0.040939141080129
    },
    "reweighed": {
      "accuracy": 0.8140312563980072,
      "di_gap_to_one": 0.4040057647986476,
      "disparate_impact": 0.5959942352013524,
      "female_positive_rate": 0.0921293471629042,
      "male_positive_rate": 0.1545809367296631,
      "zemel_proxy": 0.11017484444163053
    },
    "swap_k_sweep": {
      "accuracy": [
        0.82106053367911,
        0.8213335153210947,
        0.8214017607315908,
        0.821470006142087,
        0.820514570395141,
        0.8205828158056371,
        0.8200368525216679,
        0.8168975636388452,
        0.8074114515798813
      ],
      "best_k_accuracy": 0.8074114515798813,
      "best_k_di_gap": 0.3435168110477912,
      "best_k_within_3pct_acc_drop": 1000,
      "di_gap_to_one": [
        0.8215345531390058,
        0.8199032584112346,
        0.8192715221115859,
        0.8139665168432664,
        0.805126725804638,
        0.7900952588742545,
        0.7493825523005564,
        0.5975469211678084,
        0.3435168110477912
      ],
      "k": [
        0,
        5,
        10,
        20,
        50,
        100,
        200,
        500,
        1000
      ]
    }
  },
  "figures": {
    "fairness_comparison": "/Users/tahamajs/Documents/uni/truthlyAI/HomeWorks/HW4/report/figures/fairness_comparison.png",
    "fairness_group_rates": "/Users/tahamajs/Documents/uni/truthlyAI/HomeWorks/HW4/report/figures/fairness_group_rates.png",
    "fairness_swapk_sweep": "/Users/tahamajs/Documents/uni/truthlyAI/HomeWorks/HW4/report/figures/fairness_swapk_sweep.png",
    "fairness_tradeoff": "/Users/tahamajs/Documents/uni/truthlyAI/HomeWorks/HW4/report/figures/fairness_tradeoff.png",
    "privacy_epsilon_sweep": "/Users/tahamajs/Documents/uni/truthlyAI/HomeWorks/HW4/report/figures/privacy_epsilon_sweep.png",
    "privacy_scenarios": "/Users/tahamajs/Documents/uni/truthlyAI/HomeWorks/HW4/report/figures/privacy_scenarios.png",
    "privacy_tail_curves": "/Users/tahamajs/Documents/uni/truthlyAI/HomeWorks/HW4/report/figures/privacy_tail_curves.png",
    "security_before_after": "/Users/tahamajs/Documents/uni/truthlyAI/HomeWorks/HW4/report/figures/security_before_after.png",
    "security_confusion_before_after": "/Users/tahamajs/Documents/uni/truthlyAI/HomeWorks/HW4/report/figures/security_confusion_before_after.png",
    "security_scale_profile": "/Users/tahamajs/Documents/uni/truthlyAI/HomeWorks/HW4/report/figures/security_scale_profile.png",
    "security_unlearning_sweep": "/Users/tahamajs/Documents/uni/truthlyAI/HomeWorks/HW4/report/figures/security_unlearning_sweep.png",
    "trigger_all_labels_grid": "/Users/tahamajs/Documents/uni/truthlyAI/HomeWorks/HW4/report/figures/trigger_all_labels_grid.png",
    "trigger_reconstructed": "/Users/tahamajs/Documents/uni/truthlyAI/HomeWorks/HW4/report/figures/trigger_reconstructed.png"
  },
  "privacy": {
    "counting": {
      "b_base": 10.0,
      "b_sequential": 920.0,
      "b_unbounded": 4600.0,
      "delta": 1e-05,
      "delta_f_unbounded": 5.0,
      "delta_i": 1.0869565217391305e-07,
      "epsilon": 0.1,
      "epsilon_i": 0.0010869565217391304,
      "k": 92,
      "n": 500,
      "p": 0.01,
      "prob_base_gt_threshold": 0.3032653298563167,
      "prob_sequential_gt_threshold": 0.49728997955210685,
      "prob_unbounded_gt_threshold": 0.49945681700076194
    },
    "epsilon_sweep": {
      "b": [
        50.0,
        25.0,
        16.666666666666668,
        12.5,
        10.0,
        8.333333333333332,
        7.142857142857143,
        6.25,
        5.555555555555555,
        5.0,
        4.545454545454546,
        4.166666666666667,
        3.846153846153846,
        3.571428571428571,
        3.333333333333333,
        3.125,
        2.941176470588235,
        2.7777777777777772,
        2.6315789473684212,
        2.5,
        2.380952380952381,
        2.272727272727273,
        2.1739130434782608,
        2.083333333333333,
        2.0,
        1.923076923076923,
        1.8518518518518516,
        1.7857142857142856,
        1.7241379310344827,
        1.6666666666666667,
        1.6129032258064517,
        1.5625,
        1.5151515151515151,
        1.4705882352941175,
        1.4285714285714284,
        1.3888888888888886,
        1.3513513513513513,
        1.3157894736842106,
        1.282051282051282,
        1.25,
        1.2195121951219512,
        1.1904761904761905,
        1.1627906976744187,
        1.1363636363636365,
        1.1111111111111112,
        1.0869565217391304,
        1.0638297872340425,
        1.0416666666666665,
        1.0204081632653061,
        1.0
      ],
      "epsilon": [
        0.02,
        0.04,
        0.06,
        0.08,
        0.1,
        0.12000000000000001,
        0.13999999999999999,
        0.16,
        0.18,
        0.19999999999999998,
        0.22,
        0.24,
        0.26,
        0.28,
        0.30000000000000004,
        0.32,
        0.34,
        0.36000000000000004,
        0.38,
        0.4,
        0.42000000000000004,
        0.44,
        0.46,
        0.48000000000000004,
        0.5,
        0.52,
        0.54,
        0.56,
        0.5800000000000001,
        0.6,
        0.62,
        0.64,
        0.66,
        0.68,
        0.7000000000000001,
        0.7200000000000001,
        0.74,
        0.76,
        0.78,
        0.8,
        0.8200000000000001,
        0.8400000000000001,
        0.86,
        0.88,
        0.9,
        0.92,
        0.9400000000000001,
        0.9600000000000001,
        0.98,
        1.0
      ],